{"best_model_0.0_recall":0.9933774834437086,"confusion_matrix":{"path":"media/table/confusion_matrix_9_7c949682256ba7244f7d.table.json","ncols":3,"nrows":25,"_type":"table-file","sha256":"7c949682256ba7244f7d38339a8aef3a316ec123990e76d2d98c59c54e107d59","size":545,"artifact_path":"wandb-client-artifact://z4ulz392f0jw05fts8uflkxzmqy4b55alglqpl34ksy53wvwh6jz4cbohrj3co1vfnyjxsx7gcu86to17irbiy1k0p8nqcv0jncj0a0sfd3aeikow2pj2z0vx5mo8nvi/confusion_matrix.table.json","_latest_artifact_path":"wandb-client-artifact://3arjjl1j4zalxflhpjmj9e5984e3ntzqaxighlez2omhempeagnl29dlz9m5eul0jh1x35761f9wexmcg4aeq8qqbd22ox0jxazdi21ucd07unb90not9chp3kl60rs9:latest/confusion_matrix.table.json"},"RandomForest_test_1.0_support":580,"best_model_1.0_precision":0.9597989949748744,"KNN_test_precision_weighted":0.8408711057449166,"KNN_test_1.0_recall":0.903448275862069,"LogisticRegression_test_2.0_recall":0.9581589958158996,"KNN_training_time_seconds":3.4532487392425537,"KNN_test_1.0_support":580,"best_model_1.0_f1-score":0.973661852166525,"KNN_test_4.0_support":557,"RandomForest_test_2.0_f1-score":0.8462029355456286,"best_model_2.0_support":717,"LogisticRegression_test_0.0_recall":0.9933774834437086,"KNN_test_weighted avg_support":3185,"best_model_name":"LogisticRegression","RandomForest_test_4.0_support":557,"KNN_test_1.0_f1-score":0.8836424957841484,"RandomForest_test_1.0_precision":0.9782178217821782,"best_model_2.0_recall":0.9581589958158996,"LogisticRegression_test_macro avg_precision":0.9586207671016268,"LogisticRegression_test_macro avg_support":3185,"RandomForest_test_1.0_f1-score":0.9105990783410138,"RandomForest_test_4.0_recall":0.8312387791741472,"RandomForest_test_precision_weighted":0.902099545173825,"LogisticRegression_test_3.0_support":727,"class_proportions":{"path":"media/table/class_proportions_11_e6b3df6d4d753a327a86.table.json","ncols":3,"nrows":10,"_type":"table-file","sha256":"e6b3df6d4d753a327a86f6cc4b4fbe3e2bdc114495253a72dbda7fb11457d1cb","size":282,"artifact_path":"wandb-client-artifact://4yk4443b71afja4hf38cug9ar1ip6zemswxzzn8rn880ooy223zepk1hwpf06dmqqwouqibr2inwpeuzsdvh6wtd38689n43llfilaide0n4ta3figmxj8z6iybffdhm/class_proportions.table.json","_latest_artifact_path":"wandb-client-artifact://lje76hsugfc4ifahbqydapgxc4xvc4vsxu2mwjqwnuntbl3mj31i5zdcf3sjq2s510s3e3vvri8auozcmuuitdlgr58qcc053cdrbcajs0md9990mnkip1hqgrnj7t5n:latest/class_proportions.table.json"},"LogisticRegression_test_3.0_f1-score":0.924274593064402,"_step":14,"KNN_test_3.0_precision":0.7527932960893855,"best_model_4.0_support":557,"RandomForest_test_macro avg_precision":0.9123325910307806,"RandomForest_test_3.0_support":727,"best_model_4.0_precision":0.9621621621621622,"best_model_3.0_precision":0.9518950437317785,"LogisticRegression_test_2.0_support":717,"RandomForest_test_weighted avg_precision":0.902099545173825,"RandomForest_test_weighted avg_f1-score":0.893186846705571,"RandomForest_test_1.0_recall":0.8517241379310345,"RandomForest_test_f1_weighted":0.893186846705571,"RandomForest_test_recall_weighted":0.8913657770800628,"_wandb":{"runtime":88},"RandomForest_test_2.0_precision":0.78,"best_model_4.0_recall":0.9587073608617595,"LogisticRegression_best_cv_params":{"penalty":"l2","solver":"saga","C":1},"RandomForest_test_4.0_f1-score":0.904296875,"LogisticRegression_test_4.0_support":557,"RandomForest_training_time_seconds":15.197739839553833,"RandomForest_test_0.0_precision":1,"LogisticRegression_test_0.0_f1-score":0.995850622406639,"LogisticRegression_test_macro avg_f1-score":0.9586769638749318,"KNN_test_0.0_precision":0.9773095623987034,"KNN_test_recall_weighted":0.8417582417582418,"LogisticRegression_test_precision_weighted":0.9569620132514501,"RandomForest_test_3.0_precision":0.8120104438642297,"RandomForest_test_accuracy":0.8913657770800628,"train_set_size":12738,"RandomForest_test_2.0_recall":0.9246861924686193,"LogisticRegression_test_2.0_precision":0.920911528150134,"best_model_1.0_support":580,"RandomForest_test_weighted avg_recall":0.8913657770800628,"KNN_test_2.0_support":717,"best_model_0.0_f1-score":0.995850622406639,"best_model_3.0_f1-score":0.924274593064402,"LogisticRegression_test_1.0_recall":0.9879310344827587,"RandomForest_best_cv_params":{"n_estimators":200,"min_samples_split":2},"best_model_3.0_recall":0.8982118294360385,"test_set_size":3185,"RandomForest_test_2.0_support":717,"LogisticRegression_test_1.0_support":580,"LogisticRegression_test_1.0_f1-score":0.973661852166525,"KNN_test_0.0_f1-score":0.9877149877149877,"best_model_2.0_precision":0.920911528150134,"rows_after_target_nan_drop":15923,"best_model_1.0_recall":0.9879310344827587,"initial_cols":16,"best_model_macro avg_recall":0.959277340808033,"KNN_test_macro avg_support":3185,"RandomForest_test_macro avg_f1-score":0.8976984227778946,"KNN_best_cv_params":{"n_neighbors":7,"weights":"distance"},"best_model_4.0_f1-score":0.960431654676259,"best_model_macro avg_f1-score":0.9586769638749318,"best_model_3.0_support":727,"best_model_test_accuracy":0.9566718995290424,"KNN_test_4.0_recall":0.8617594254937163,"LogisticRegression_test_4.0_precision":0.9621621621621622,"RandomForest_test_macro avg_support":3185,"LogisticRegression_test_weighted avg_support":3185,"best_model_weighted avg_f1-score":0.9565173634522163,"KNN_test_3.0_support":727,"RandomForest_test_0.0_f1-score":0.9941715237302248,"best_model_params":{"intercept_scaling":1,"n_jobs":null,"random_state":42,"tol":0.0001,"class_weight":null,"l1_ratio":null,"multi_class":"auto","solver":"saga","fit_intercept":true,"max_iter":1000,"penalty":"l2","warm_start":false,"C":1,"dual":false,"verbose":0},"LogisticRegression_test_4.0_f1-score":0.960431654676259,"best_model_accuracy":0.9566718995290424,"LogisticRegression_test_recall_weighted":0.9566718995290424,"RandomForest_test_3.0_f1-score":0.8332217012726055,"RandomForest_best_cv_score":0.8892290783482494,"RandomForest_test_0.0_support":604,"RandomForest_test_3.0_recall":0.8555708390646493,"KNN_test_macro avg_f1-score":0.8493107195537414,"KNN_test_2.0_f1-score":0.7498248072880168,"LogisticRegression_test_2.0_f1-score":0.9391660970608339,"target_distribution_before_nan_drop":{"NaN":227,"3.0":3635,"2.0":3585,"0.0":3018,"1.0":2902,"4.0":2783},"KNN_test_0.0_recall":0.9983443708609272,"initial_rows":16150,"best_model_2.0_f1-score":0.9391660970608339,"best_model_weighted avg_support":3185,"best_model_0.0_precision":0.9983361064891847,"target_distribution_after_nan_drop":{"2.0":3585,"0.0":3018,"1.0":2902,"4.0":2783,"3.0":3635},"RandomForest_test_0.0_recall":0.9884105960264901,"best_model_0.0_support":604,"LogisticRegression_test_1.0_precision":0.9597989949748744,"precision_recall_table":{"artifact_path":"wandb-client-artifact://atq67zdsiiqanvqgfs20wuonx0fywqbku3fgsvrq6mei4m70fgxy3ffuw5hcttrhpn6685h8reh7rymavtsmkagwg7128rpo0lkqwh1v6cvncys6w1r03nw81d3a1mff/precision_recall_table.table.json","_latest_artifact_path":"wandb-client-artifact://txzkwt5ydco6urfk5i5ofcx6da5soli54fkc8h3xagkigcelqvubknuoary9vezpvlhrl450npbzcy4akv3v2966n9osjd1w3evc37p3b9gixkbssij07vfkati90pjh:latest/precision_recall_table.table.json","path":"media/table/precision_recall_table_13_4d44fb7c1ce196c50305.table.json","ncols":3,"nrows":105,"_type":"table-file","sha256":"4d44fb7c1ce196c5030571f6174b3203e20fd97aa7919283f49d9e26d91934f9","size":2192},"_runtime":88.823115834,"KNN_test_accuracy":0.8417582417582418,"LogisticRegression_test_weighted avg_precision":0.9569620132514501,"_timestamp":1.744780072044399e+09,"KNN_test_4.0_f1-score":0.8783165599268069,"RandomForest_test_macro avg_recall":0.8903261089329881,"KNN_test_3.0_recall":0.7414030261348006,"LogisticRegression_test_f1_weighted":0.9565173634522163,"KNN_test_macro avg_recall":0.850223934593594,"LogisticRegression_test_accuracy":0.9566718995290424,"KNN_test_macro avg_precision":0.8487665683910437,"LogisticRegression_test_0.0_support":604,"best_model_weighted avg_recall":0.9566718995290424,"LogisticRegression_training_time_seconds":62.164374351501465,"RandomForest_test_4.0_precision":0.9914346895074947,